state_cd,revenue,transaction_amount,transaction_count,records
AK,169948.72,138572,2018,31
AR,57312.07,45132,732,11
AZ,82212.20,64627,754,10
CA,12901378.91,10366316,157900,2516
CO,64302.36,51620,611,9
CT,81395.88,65065,1089,15
FL,9969060.33,8038861,115521,1740
GA,94174.68,74949,1117,16
HI,56407.90,44800,522,9
IA,291720.47,234732,3273,47
IL,369728.93,299392,3926,59
MA,135333.81,108662,1745,28
MI,362147.97,293540,4098,63
MN,136015.15,111123,1561,24
MO,120312.27,97878,1411,20
NE,66355.80,54629,640,8
NJ,4381264.04,3563421,49236,732
NM,107372.21,85195,955,12
NV,273326.94,216418,3415,58
NY,12971862.62,10453531,152364,2305
OH,59185.59,47424,749,11
OR,35316.73,28827,372,5
PA,107997.08,87063,1127,18
SC,92025.39,72648,1105,18
TX,13015112.41,10475947,154968,2439
UT,158405.05,122690,1851,30
VA,197263.31,162666,2160,28
WA,160071.99,127293,2014,31
